{"paths": {"admin/js/vendor/select2/i18n/af.js": "admin/js/vendor/select2/i18n/af.4f6fcd73488c.js", "admin/js/vendor/select2/i18n/ar.js": "admin/js/vendor/select2/i18n/ar.65aa8e36bf5d.js", "admin/js/vendor/select2/i18n/az.js": "admin/js/vendor/select2/i18n/az.270c257daf81.js", "admin/js/vendor/select2/i18n/bg.js": "admin/js/vendor/select2/i18n/bg.39b8be30d4f0.js", "admin/js/vendor/select2/i18n/bn.js": "admin/js/vendor/select2/i18n/bn.6d42b4dd5665.js", "admin/js/vendor/select2/i18n/bs.js": "admin/js/vendor/select2/i18n/bs.91624382358e.js", "admin/js/vendor/select2/i18n/ca.js": "admin/js/vendor/select2/i18n/ca.a166b745933a.js", "admin/js/vendor/select2/i18n/cs.js": "admin/js/vendor/select2/i18n/cs.4f43e8e7d33a.js", "admin/js/vendor/select2/i18n/da.js": "admin/js/vendor/select2/i18n/da.766346afe4dd.js", "admin/js/vendor/select2/i18n/de.js": "admin/js/vendor/select2/i18n/de.8a1c222b0204.js", "admin/js/vendor/select2/i18n/dsb.js": "admin/js/vendor/select2/i18n/dsb.56372c92d2f1.js", "admin/js/vendor/select2/i18n/el.js": "admin/js/vendor/select2/i18n/el.27097f071856.js", "admin/js/vendor/select2/i18n/en.js": "admin/js/vendor/select2/i18n/en.cf932ba09a98.js", "admin/js/vendor/select2/i18n/es.js": "admin/js/vendor/select2/i18n/es.66dbc2652fb1.js", "admin/js/vendor/select2/i18n/et.js": "admin/js/vendor/select2/i18n/et.2b96fd98289d.js", "admin/js/vendor/select2/i18n/eu.js": "admin/js/vendor/select2/i18n/eu.adfe5c97b72c.js", "admin/js/vendor/select2/i18n/fa.js": "admin/js/vendor/select2/i18n/fa.3b5bd1961cfd.js", "admin/js/vendor/select2/i18n/fi.js": "admin/js/vendor/select2/i18n/fi.614ec42aa9ba.js", "admin/js/vendor/select2/i18n/fr.js": "admin/js/vendor/select2/i18n/fr.05e0542fcfe6.js", "admin/js/vendor/select2/i18n/gl.js": "admin/js/vendor/select2/i18n/gl.d99b1fedaa86.js", "admin/js/vendor/select2/i18n/he.js": "admin/js/vendor/select2/i18n/he.e420ff6cd3ed.js", "admin/js/vendor/select2/i18n/hi.js": "admin/js/vendor/select2/i18n/hi.70640d41628f.js", "admin/js/vendor/select2/i18n/hr.js": "admin/js/vendor/select2/i18n/hr.a2b092cc1147.js", "admin/js/vendor/select2/i18n/hsb.js": "admin/js/vendor/select2/i18n/hsb.fa3b55265efe.js", "admin/js/vendor/select2/i18n/hu.js": "admin/js/vendor/select2/i18n/hu.6ec6039cb8a3.js", "admin/js/vendor/select2/i18n/hy.js": "admin/js/vendor/select2/i18n/hy.c7babaeef5a6.js", "admin/js/vendor/select2/i18n/id.js": "admin/js/vendor/select2/i18n/id.04debded514d.js", "admin/js/vendor/select2/i18n/is.js": "admin/js/vendor/select2/i18n/is.3ddd9a6a97e9.js", "admin/js/vendor/select2/i18n/it.js": "admin/js/vendor/select2/i18n/it.be4fe8d365b5.js", "admin/js/vendor/select2/i18n/ja.js": "admin/js/vendor/select2/i18n/ja.170ae885d74f.js", "admin/js/vendor/select2/i18n/ka.js": "admin/js/vendor/select2/i18n/ka.2083264a54f0.js", "admin/js/vendor/select2/i18n/km.js": "admin/js/vendor/select2/i18n/km.c23089cb06ca.js", "admin/js/vendor/select2/i18n/ko.js": "admin/js/vendor/select2/i18n/ko.e7be6c20e673.js", "admin/js/vendor/select2/i18n/lt.js": "admin/js/vendor/select2/i18n/lt.23c7ce903300.js", "admin/js/vendor/select2/i18n/lv.js": "admin/js/vendor/select2/i18n/lv.08e62128eac1.js", "admin/js/vendor/select2/i18n/mk.js": "admin/js/vendor/select2/i18n/mk.dabbb9087130.js", "admin/js/vendor/select2/i18n/ms.js": "admin/js/vendor/select2/i18n/ms.4ba82c9a51ce.js", "admin/js/vendor/select2/i18n/nb.js": "admin/js/vendor/select2/i18n/nb.da2fce143f27.js", "admin/js/vendor/select2/i18n/ne.js": "admin/js/vendor/select2/i18n/ne.3d79fd3f08db.js", "admin/js/vendor/select2/i18n/nl.js": "admin/js/vendor/select2/i18n/nl.997868a37ed8.js", "admin/js/vendor/select2/i18n/pl.js": "admin/js/vendor/select2/i18n/pl.6031b4f16452.js", "admin/js/vendor/select2/i18n/ps.js": "admin/js/vendor/select2/i18n/ps.38dfa47af9e0.js", "admin/js/vendor/select2/i18n/pt-BR.js": "admin/js/vendor/select2/i18n/pt-BR.e1b294433e7f.js", "admin/js/vendor/select2/i18n/pt.js": "admin/js/vendor/select2/i18n/pt.33b4a3b44d43.js", "admin/js/vendor/select2/i18n/ro.js": "admin/js/vendor/select2/i18n/ro.f75cb460ec3b.js", "admin/js/vendor/select2/i18n/ru.js": "admin/js/vendor/select2/i18n/ru.934aa95f5b5f.js", "admin/js/vendor/select2/i18n/sk.js": "admin/js/vendor/select2/i18n/sk.33d02cef8d11.js", "admin/js/vendor/select2/i18n/sl.js": "admin/js/vendor/select2/i18n/sl.131a78bc0752.js", "admin/js/vendor/select2/i18n/sq.js": "admin/js/vendor/select2/i18n/sq.5636b60d29c9.js", "admin/js/vendor/select2/i18n/sr-Cyrl.js": "admin/js/vendor/select2/i18n/sr-Cyrl.f254bb8c4c7c.js", "admin/js/vendor/select2/i18n/sr.js": "admin/js/vendor/select2/i18n/sr.5ed85a48f483.js", "admin/js/vendor/select2/i18n/sv.js": "admin/js/vendor/select2/i18n/sv.7a9c2f71e777.js", "admin/js/vendor/select2/i18n/th.js": "admin/js/vendor/select2/i18n/th.f38c20b0221b.js", "admin/js/vendor/select2/i18n/tk.js": "admin/js/vendor/select2/i18n/tk.7c572a68c78f.js", "admin/js/vendor/select2/i18n/tr.js": "admin/js/vendor/select2/i18n/tr.b5a0643d1545.js", "admin/js/vendor/select2/i18n/uk.js": "admin/js/vendor/select2/i18n/uk.8cede7f4803c.js", "admin/js/vendor/select2/i18n/vi.js": "admin/js/vendor/select2/i18n/vi.097a5b75b3e1.js", "admin/js/vendor/select2/i18n/zh-CN.js": "admin/js/vendor/select2/i18n/zh-CN.2cff662ec5f9.js", "admin/js/vendor/select2/i18n/zh-TW.js": "admin/js/vendor/select2/i18n/zh-TW.04554a227c2b.js", "admin/css/vendor/select2/LICENSE-SELECT2.md": "admin/css/vendor/select2/LICENSE-SELECT2.f94142512c91.md", "admin/css/vendor/select2/select2.css": "admin/css/vendor/select2/select2.a2194c262648.css", "admin/css/vendor/select2/select2.min.css": "admin/css/vendor/select2/select2.min.9f54e6414f87.css", "admin/js/vendor/jquery/jquery.js": "admin/js/vendor/jquery/jquery.12e87d2f3a4c.js", "admin/js/vendor/jquery/jquery.min.js": "admin/js/vendor/jquery/jquery.min.2c872dbe60f4.js", "admin/js/vendor/jquery/LICENSE.txt": "admin/js/vendor/jquery/LICENSE.de877aa6d744.txt", "admin/js/vendor/select2/LICENSE.md": "admin/js/vendor/select2/LICENSE.f94142512c91.md", "admin/js/vendor/select2/select2.full.js": "admin/js/vendor/select2/select2.full.c2afdeda3058.js", "admin/js/vendor/select2/select2.full.min.js": "admin/js/vendor/select2/select2.full.min.fcd7500d8e13.js", "admin/js/vendor/xregexp/LICENSE.txt": "admin/js/vendor/xregexp/LICENSE.b6fd2ceea8d3.txt", "admin/js/vendor/xregexp/xregexp.js": "admin/js/vendor/xregexp/xregexp.a7e08b0ce686.js", "admin/js/vendor/xregexp/xregexp.min.js": "admin/js/vendor/xregexp/xregexp.min.f1ae4617847c.js", "admin/img/gis/move_vertex_off.svg": "admin/img/gis/move_vertex_off.7a23bf31ef8a.svg", "admin/img/gis/move_vertex_on.svg": "admin/img/gis/move_vertex_on.0047eba25b67.svg", "admin/js/admin/DateTimeShortcuts.js": "admin/js/admin/DateTimeShortcuts.9f6e209cebca.js", "admin/js/admin/RelatedObjectLookups.js": "admin/js/admin/RelatedObjectLookups.ef211845e458.js", "admin/css/autocomplete.css": "admin/css/autocomplete.4a81fc4242d0.css", "admin/css/base.css": "admin/css/base.6be58084bde8.css", "admin/css/changelists.css": "admin/css/changelists.47cb433b29d4.css", "admin/css/dark_mode.css": "admin/css/dark_mode.e18e9a052429.css", "admin/css/dashboard.css": "admin/css/dashboard.e90f2068217b.css", "admin/css/forms.css": "admin/css/forms.b29a0c8c9155.css", "admin/css/login.css": "admin/css/login.586129c60a93.css", "admin/css/nav_sidebar.css": "admin/css/nav_sidebar.dd925738f4cc.css", "admin/css/responsive.css": "admin/css/responsive.eafb93ff084c.css", "admin/css/responsive_rtl.css": "admin/css/responsive_rtl.7d1130848605.css", "admin/css/rtl.css": "admin/css/rtl.aa92d763340b.css", "admin/css/widgets.css": "admin/css/widgets.8a70ea6d8850.css", "admin/img/calendar-icons.svg": "admin/img/calendar-icons.39b290681a8b.svg", "admin/img/icon-addlink.svg": "admin/img/icon-addlink.d519b3bab011.svg", "admin/img/icon-alert.svg": "admin/img/icon-alert.034cc7d8a67f.svg", "admin/img/icon-calendar.svg": "admin/img/icon-calendar.ac7aea671bea.svg", "admin/img/icon-changelink.svg": "admin/img/icon-changelink.18d2fd706348.svg", "admin/img/icon-clock.svg": "admin/img/icon-clock.e1d4dfac3f2b.svg", "admin/img/icon-deletelink.svg": "admin/img/icon-deletelink.564ef9dc3854.svg", "admin/img/icon-hidelink.svg": "admin/img/icon-hidelink.8d245a995e18.svg", "admin/img/icon-no.svg": "admin/img/icon-no.439e821418cd.svg", "admin/img/icon-unknown-alt.svg": "admin/img/icon-unknown-alt.81536e128bb6.svg", "admin/img/icon-unknown.svg": "admin/img/icon-unknown.a18cb4398978.svg", "admin/img/icon-viewlink.svg": "admin/img/icon-viewlink.41eb31f7826e.svg", "admin/img/icon-yes.svg": "admin/img/icon-yes.d2f9f035226a.svg", "admin/img/inline-delete.svg": "admin/img/inline-delete.fec1b761f254.svg", "admin/img/LICENSE": "admin/img/LICENSE.2c54f4e1ca1c", "admin/img/README.txt": "admin/img/README.a70711a38d87.txt", "admin/img/search.svg": "admin/img/search.7cf54ff789c6.svg", "admin/img/selector-icons.svg": "admin/img/selector-icons.b4555096cea2.svg", "admin/img/sorting-icons.svg": "admin/img/sorting-icons.3a097b59f104.svg", "admin/img/tooltag-add.svg": "admin/img/tooltag-add.e59d620a9742.svg", "admin/img/tooltag-arrowright.svg": "admin/img/tooltag-arrowright.bbfb788a849e.svg", "admin/js/actions.js": "admin/js/actions.867b023a736d.js", "admin/js/autocomplete.js": "admin/js/autocomplete.01591ab27be7.js", "admin/js/calendar.js": "admin/js/calendar.d64496bbf46d.js", "admin/js/cancel.js": "admin/js/cancel.ecc4c5ca7b32.js", "admin/js/change_form.js": "admin/js/change_form.9d8ca4f96b75.js", "admin/js/collapse.js": "admin/js/collapse.f84e7410290f.js", "admin/js/core.js": "admin/js/core.7e257fdf56dc.js", "admin/js/filters.js": "admin/js/filters.0e360b7a9f80.js", "admin/js/inlines.js": "admin/js/inlines.22d4d93c00b4.js", "admin/js/jquery.init.js": "admin/js/jquery.init.b7781a0897fc.js", "admin/js/nav_sidebar.js": "admin/js/nav_sidebar.3b9190d420b1.js", "admin/js/popup_response.js": "admin/js/popup_response.c6cc78ea5551.js", "admin/js/prepopulate.js": "admin/js/prepopulate.bd2361dfd64d.js", "admin/js/prepopulate_init.js": "admin/js/prepopulate_init.6cac7f3105b8.js", "admin/js/SelectBox.js": "admin/js/SelectBox.7d3ce5a98007.js", "admin/js/SelectFilter2.js": "admin/js/SelectFilter2.b8cf7343ff9e.js", "admin/js/theme.js": "admin/js/theme.ab270f56bb9c.js", "admin/js/urlify.js": "admin/js/urlify.ae970a820212.js", "images/headlogo.png": "images/headlogo.16c82d8cc04d.png", "images/logo.png": "images/logo.69100484c399.png", "memes/IMG_20240202_042732_603.jpg": "memes/IMG_20240202_042732_603.14c4cb13634d.jpg", "memes/IMG_20240202_042735_142.jpg": "memes/IMG_20240202_042735_142.645d0750bdac.jpg", "memes/IMG_20240202_042738_758.jpg": "memes/IMG_20240202_042738_758.7005c51463bd.jpg", "memes/IMG_20240202_042755_646.jpg": "memes/IMG_20240202_042755_646.2248093e27fa.jpg", "memes/IMG_20240202_042801_833.jpg": "memes/IMG_20240202_042801_833.c483d001b5bb.jpg", "memes/IMG_20240202_042806_458.jpg": "memes/IMG_20240202_042806_458.77aeff8d38ad.jpg", "memes/IMG_20240202_042811_196.jpg": "memes/IMG_20240202_042811_196.c7f39749f822.jpg", "memes/IMG_20240202_042817_144.jpg": "memes/IMG_20240202_042817_144.0c6c3cbff460.jpg", "memes/IMG_20240202_042827_397.jpg": "memes/IMG_20240202_042827_397.843dcb55161e.jpg", "memes/IMG_20240202_042840_222.jpg": "memes/IMG_20240202_042840_222.1c3a39ef3830.jpg", "memes/IMG_20240202_042848_272.jpg": "memes/IMG_20240202_042848_272.dd55a991f250.jpg", "memes/IMG_20240202_042911_674.jpg": "memes/IMG_20240202_042911_674.cd5ae7078d10.jpg", "memes/IMG_20240202_042914_139.jpg": "memes/IMG_20240202_042914_139.ffc2bff741a0.jpg", "memes/IMG_20240202_042917_682.jpg": "memes/IMG_20240202_042917_682.15ee46794cc4.jpg", "memes/IMG_20240202_042920_944.jpg": "memes/IMG_20240202_042920_944.6c987d701b92.jpg", "memes/IMG_20240202_042925_458.jpg": "memes/IMG_20240202_042925_458.05d5f7dc023d.jpg", "memes/IMG_20240202_042929_029.jpg": "memes/IMG_20240202_042929_029.46834fb24879.jpg", "memes/IMG_20240202_042935_850.jpg": "memes/IMG_20240202_042935_850.8ed4fc4e18c9.jpg", "memes/IMG_20240202_042942_705.jpg": "memes/IMG_20240202_042942_705.67126b40ef6e.jpg", "memes/IMG_20240202_042958_966.jpg": "memes/IMG_20240202_042958_966.840357865c87.jpg", "memes/IMG_20240202_043014_275.jpg": "memes/IMG_20240202_043014_275.d189c036214d.jpg", "memes/IMG_20240202_043017_560.jpg": "memes/IMG_20240202_043017_560.117766dc99d4.jpg", "memes/IMG_20240202_043035_252.jpg": "memes/IMG_20240202_043035_252.87986b4b107d.jpg", "memes/IMG_20240202_043039_415.jpg": "memes/IMG_20240202_043039_415.a072cd499ee3.jpg", "memes/IMG_20240202_043051_474.jpg": "memes/IMG_20240202_043051_474.f7003b9ff76f.jpg", "memes/IMG_20240202_043059_312.jpg": "memes/IMG_20240202_043059_312.793b77c9a44a.jpg", "memes/IMG_20240202_043107_126.jpg": "memes/IMG_20240202_043107_126.a8ec6cac0f4c.jpg", "memes/IMG_20240202_043119_990.jpg": "memes/IMG_20240202_043119_990.2498334c4a7a.jpg", "memes/IMG_20240202_043126_760.jpg": "memes/IMG_20240202_043126_760.3ffa9c700080.jpg", "memes/IMG_20240202_043133_733.jpg": "memes/IMG_20240202_043133_733.228320b16eea.jpg", "memes/IMG_20240202_043143_454.jpg": "memes/IMG_20240202_043143_454.2caba29c9c17.jpg", "memes/Screenshot_20230125-001013_Snapchat.jpg": "memes/Screenshot_20230125-001013_Snapchat.2214a199d9bd.jpg", "memes/Screenshot_20230225-182154_Snapchat.jpg": "memes/Screenshot_20230225-182154_Snapchat.057a7fd31e07.jpg", "memes/Screenshot_20230225-210029_Snapchat.jpg": "memes/Screenshot_20230225-210029_Snapchat.47e132bba0a1.jpg", "memes/Screenshot_20230227-202358_WhatsApp.jpg": "memes/Screenshot_20230227-202358_WhatsApp.992fdf2b8f89.jpg", "memes/Screenshot_20230303-224856_Snapchat.jpg": "memes/Screenshot_20230303-224856_Snapchat.52db63ff46ba.jpg", "memes/Screenshot_20230303-224959_Snapchat.jpg": "memes/Screenshot_20230303-224959_Snapchat.64e873920c70.jpg", "memes/Screenshot_20230303-225340_Snapchat.jpg": "memes/Screenshot_20230303-225340_Snapchat.046bd5f34550.jpg", "memes/Screenshot_20230304-124753_Snapchat.jpg": "memes/Screenshot_20230304-124753_Snapchat.34b2fd3c6d7e.jpg", "memes/Screenshot_20230309-213838_Snapchat.jpg": "memes/Screenshot_20230309-213838_Snapchat.a952b57dcd75.jpg", "memes/Screenshot_20230311-212931_Snapchat.jpg": "memes/Screenshot_20230311-212931_Snapchat.bb4fd2225a33.jpg", "memes/Screenshot_20230311-213144_Snapchat.jpg": "memes/Screenshot_20230311-213144_Snapchat.82d413c37a9f.jpg", "memes/Screenshot_20230314-072531_WhatsApp.jpg": "memes/Screenshot_20230314-072531_WhatsApp.60af0ca0df99.jpg", "memes/Screenshot_20230317-210508_WhatsApp.jpg": "memes/Screenshot_20230317-210508_WhatsApp.6e75d1dad7ac.jpg", "memes/Screenshot_20230319-220914_Snapchat.jpg": "memes/Screenshot_20230319-220914_Snapchat.f56675599cff.jpg", "memes/Screenshot_20230319-225438_Snapchat.jpg": "memes/Screenshot_20230319-225438_Snapchat.393fbe493107.jpg", "memes/Screenshot_20230327-223930_Snapchat.jpg": "memes/Screenshot_20230327-223930_Snapchat.da2ff85e1b80.jpg", "memes/Screenshot_20230406-102229_WhatsApp.jpg": "memes/Screenshot_20230406-102229_WhatsApp.f9ba047428c9.jpg", "memes/Screenshot_20230407-151929_Snapchat.jpg": "memes/Screenshot_20230407-151929_Snapchat.6e5da938bc3f.jpg", "memes/Screenshot_20230502-194326_Snapchat.jpg": "memes/Screenshot_20230502-194326_Snapchat.16b41ecabc90.jpg", "memes/Screenshot_20230502-195246_Snapchat.jpg": "memes/Screenshot_20230502-195246_Snapchat.72f16b171323.jpg", "memes/Screenshot_20230516-224354_WhatsApp.jpg": "memes/Screenshot_20230516-224354_WhatsApp.c76e96203d50.jpg", "memes/Screenshot_20230516-231949_WhatsApp.jpg": "memes/Screenshot_20230516-231949_WhatsApp.d5ff05a95095.jpg", "memes/Screenshot_20230517-175310_WhatsApp.jpg": "memes/Screenshot_20230517-175310_WhatsApp.7dcf04b63181.jpg", "memes/Screenshot_20230624-141427_WhatsApp.jpg": "memes/Screenshot_20230624-141427_WhatsApp.40cc869547f3.jpg", "memes/Screenshot_20230627-234902_WhatsApp.jpg": "memes/Screenshot_20230627-234902_WhatsApp.6fdfedf63e82.jpg", "memes/Screenshot_20230628-000040_WhatsApp.jpg": "memes/Screenshot_20230628-000040_WhatsApp.da87a2c6c6ad.jpg", "memes/Screenshot_20230629-231900_WhatsApp.jpg": "memes/Screenshot_20230629-231900_WhatsApp.f76f5704622e.jpg", "memes/Screenshot_20230703-221800_WhatsApp.jpg": "memes/Screenshot_20230703-221800_WhatsApp.4dda3bd10293.jpg", "memes/Screenshot_20230710-222018_WhatsApp.jpg": "memes/Screenshot_20230710-222018_WhatsApp.8c3f435fa424.jpg", "memes/Screenshot_20230710-222051_WhatsApp.jpg": "memes/Screenshot_20230710-222051_WhatsApp.718820da23f9.jpg", "memes/Screenshot_20230714-144839_WhatsApp.jpg": "memes/Screenshot_20230714-144839_WhatsApp.e1060eedb84b.jpg", "memes/Screenshot_20230727-213747_WhatsApp.jpg": "memes/Screenshot_20230727-213747_WhatsApp.34dbb9891293.jpg", "memes/Screenshot_20230811-103950_WhatsApp.jpg": "memes/Screenshot_20230811-103950_WhatsApp.02baa54d431f.jpg", "memes/Screenshot_20230818-162349_Instagram.jpg": "memes/Screenshot_20230818-162349_Instagram.00fd49cc54a5.jpg", "memes/Screenshot_20230820-191328_WhatsApp.jpg": "memes/Screenshot_20230820-191328_WhatsApp.7da2e58cdbad.jpg", "memes/Screenshot_20230828-194612_WhatsApp.jpg": "memes/Screenshot_20230828-194612_WhatsApp.a27b8be88427.jpg", "memes/Screenshot_20230902-201508_WhatsApp.jpg": "memes/Screenshot_20230902-201508_WhatsApp.eada48ec3eed.jpg", "memes/Screenshot_20230902-201527_WhatsApp.jpg": "memes/Screenshot_20230902-201527_WhatsApp.5717dfe1b461.jpg", "memes/Screenshot_20230905-071016_WhatsApp.jpg": "memes/Screenshot_20230905-071016_WhatsApp.c2911109fa81.jpg", "memes/Screenshot_20230906-181924_WhatsApp.jpg": "memes/Screenshot_20230906-181924_WhatsApp.bdf761f9ddf4.jpg", "memes/Screenshot_20230908-102827_WhatsApp.jpg": "memes/Screenshot_20230908-102827_WhatsApp.f7bde553d146.jpg", "memes/Screenshot_20230908-103024_WhatsApp.jpg": "memes/Screenshot_20230908-103024_WhatsApp.856a94ab94b6.jpg", "memes/Screenshot_20230908-170140_WhatsApp.jpg": "memes/Screenshot_20230908-170140_WhatsApp.1050853f7d8c.jpg", "memes/Screenshot_20230915-184012_WhatsApp.jpg": "memes/Screenshot_20230915-184012_WhatsApp.675eb914bd71.jpg", "memes/Screenshot_20231003-084323_WhatsApp.jpg": "memes/Screenshot_20231003-084323_WhatsApp.78a2e3f6a8d4.jpg", "memes/Screenshot_20231008-113603_X.jpg": "memes/Screenshot_20231008-113603_X.5968f2d3df8a.jpg", "memes/Screenshot_20231010-083647_WhatsApp.jpg": "memes/Screenshot_20231010-083647_WhatsApp.987efd7de9c6.jpg", "memes/Screenshot_20231025-102248_X.jpg": "memes/Screenshot_20231025-102248_X.70d764bf76f6.jpg", "memes/Screenshot_20231028-151544_X.jpg": "memes/Screenshot_20231028-151544_X.77e12c726435.jpg", "memes/Screenshot_20231106-194206_WhatsApp.jpg": "memes/Screenshot_20231106-194206_WhatsApp.3526e6050074.jpg", "memes/Screenshot_20231123-205720_WhatsApp.jpg": "memes/Screenshot_20231123-205720_WhatsApp.54280af615cd.jpg", "memes/Screenshot_20231127-163220_Snapchat.jpg": "memes/Screenshot_20231127-163220_Snapchat.8657ccf766dc.jpg", "memes/Screenshot_20231208-130815_WhatsApp.jpg": "memes/Screenshot_20231208-130815_WhatsApp.41c2f77b70b5.jpg", "memes/Screenshot_20231221-202927_WhatsApp.jpg": "memes/Screenshot_20231221-202927_WhatsApp.91c9f31669ad.jpg", "memes/Screenshot_20231226-140451_WhatsApp.jpg": "memes/Screenshot_20231226-140451_WhatsApp.1015e879beb4.jpg", "memes/Screenshot_20231229-214643_WhatsApp.jpg": "memes/Screenshot_20231229-214643_WhatsApp.e56d729046d8.jpg", "memes/Screenshot_20240102-235727_WhatsApp.jpg": "memes/Screenshot_20240102-235727_WhatsApp.aa0adaadb8e8.jpg", "memes/Screenshot_20240111-221102_WhatsApp.jpg": "memes/Screenshot_20240111-221102_WhatsApp.91ea610bd076.jpg", "memes/Screenshot_20240114-083044_WhatsApp.jpg": "memes/Screenshot_20240114-083044_WhatsApp.1c31ad6d8c43.jpg", "memes/Screenshot_20240116-132115_WhatsApp.jpg": "memes/Screenshot_20240116-132115_WhatsApp.eccf1181ae79.jpg", "memes/Screenshot_20240119-212547_WhatsApp.jpg": "memes/Screenshot_20240119-212547_WhatsApp.52d227f66b72.jpg", "memes/Screenshot_20240201-230736_WhatsApp.jpg": "memes/Screenshot_20240201-230736_WhatsApp.bd7ab55f8c54.jpg", "memes/Screenshot_20240202-080450_WhatsApp.jpg": "memes/Screenshot_20240202-080450_WhatsApp.bca4d0b8910b.jpg", "memes/Screenshot_20240202-082221_WhatsApp.jpg": "memes/Screenshot_20240202-082221_WhatsApp.65fa57708339.jpg", "styles.css": "styles.f93926812288.css"}, "version": "1.1", "hash": "a9f672d650b7"}